Date,Clicks,Impressions,CTR,Position
2026-07-05,0,0,,
2026-07-06,2,4,50%,14.8
2026-07-07,0,0,,
2026-07-08,0,1,0%,8
2026-07-09,0,0,,
2026-07-10,0,1,0%,10
2026-07-11,1,5,20%,12.2
2026-07-12,1,3,33.33%,14
2026-07-13,1,2,50%,1
2026-07-14,1,2,50%,2.5
2026-07-15,0,1,0%,23
2026-07-16,3,4,75%,1
2026-07-17,0,0,,
2026-07-18,0,1,0%,17
2026-07-19,0,0,,
2026-07-20,0,1,0%,44
2026-07-21,0,1,0%,28
2026-07-22,0,2,0%,28
2026-07-23,1,2,50%,1.5
2026-07-24,1,2,50%,22.5
2026-07-25,1,4,25%,6.5
2026-07-26,0,0,,
2026-07-27,0,1,0%,10
2026-07-28,0,2,0%,14.5
2026-07-29,0,0,,
2026-07-30,0,1,0%,14
2026-07-31,0,2,0%,1
2026-08-01,0,1,0%,43
2026-08-02,0,0,,
2026-08-03,0,1,0%,11
2026-08-04,0,0,,
2026-08-05,1,1,100%,1
2026-08-06,1,6,16.67%,9.8
2026-08-07,1,3,33.33%,1
2026-08-08,4,6,66.67%,3.3
2026-08-09,1,1,100%,1
2026-08-10,1,3,33.33%,16.3
2026-08-11,4,5,80%,3.8
2026-08-12,1,1,100%,1
2026-08-13,1,1,100%,1
2026-08-14,3,3,100%,1
2026-08-15,0,4,0%,67
2026-08-16,3,5,60%,19.8
2026-08-17,1,2,50%,3
2026-08-18,1,3,33.33%,36.7
2026-08-19,1,1,100%,1
2026-08-20,0,3,0%,54.3
2026-08-21,0,0,,
2026-08-22,1,4,25%,45.2
2026-08-23,2,2,100%,1
2026-08-24,1,1,100%,1
2026-08-25,2,5,40%,2.2
2026-08-26,0,1,0%,9
2026-08-27,0,0,,
2026-08-28,0,2,0%,7.5
2026-08-29,3,5,60%,20.4
2026-08-30,0,5,0%,69.8
2026-08-31,1,2,50%,1
2026-09-01,0,3,0%,60.7
2026-09-02,1,4,25%,46.5
2026-09-03,0,2,0%,2.5
2026-09-04,0,0,,
2026-09-05,1,3,33.33%,4
2026-09-06,3,11,27.27%,11.7
2026-09-07,2,4,50%,5
2026-09-08,1,6,16.67%,12
2026-09-09,0,2,0%,8
2026-09-10,0,1,0%,2
2026-09-11,0,1,0%,10
2026-09-12,0,1,0%,3
2026-09-13,0,2,0%,1.5
2026-09-14,0,2,0%,3
2026-09-15,1,2,50%,4
2026-09-16,0,1,0%,5
2026-09-17,1,3,33.33%,5
2026-09-18,1,2,50%,5
2026-09-19,0,3,0%,25.7
2026-09-20,0,3,0%,49
2026-09-21,0,2,0%,44
2026-09-22,0,1,0%,85
2026-09-23,1,6,16.67%,3.3
2026-09-24,0,16,0%,3.8
2026-09-25,0,15,0%,3
2026-09-26,0,18,0%,6.3
2026-09-27,0,21,0%,8.9
2026-09-28,1,33,3.03%,2.2
2026-09-29,1,19,5.26%,2.3
2026-09-30,1,32,3.12%,2.4
2026-10-01,2,16,12.5%,2.2
2026-10-02,0,11,0%,2.2
2026-10-03,0,9,0%,3.1
2026-10-04,0,26,0%,3.5