Country,Clicks,Impressions,CTR,Position
India,11,27,40.74%,23.67
United States,8,159,5.03%,9.15
Brazil,6,9,66.67%,1.33
Canada,4,27,14.81%,4.67
Indonesia,4,9,44.44%,6.78
Italy,3,4,75%,1
Nigeria,3,3,100%,1
Pakistan,2,11,18.18%,2
Iran,2,5,40%,4
Russia,2,4,50%,6.5
Spain,2,4,50%,9.75
Turkey,2,3,66.67%,1.67
Kenya,2,3,66.67%,3.67
France,2,2,100%,1
Netherlands,1,4,25%,16.5
Thailand,1,4,25%,34
Kazakhstan,1,2,50%,1
United Arab Emirates,1,2,50%,2
Austria,1,2,50%,8.5
Australia,1,2,50%,21
Jordan,1,2,50%,44
Egypt,1,1,100%,1
Lebanon,1,1,100%,1
Nepal,1,1,100%,1
United Kingdom,0,71,0%,3
Philippines,0,7,0%,38.86
Cuba,0,6,0%,2.67
Vietnam,0,4,0%,51.25
Tunisia,0,3,0%,1.67
Portugal,0,2,0%,2.5
Syria,0,2,0%,9
Ukraine,0,2,0%,91.5
Bulgaria,0,1,0%,1
Denmark,0,1,0%,1
Dominican Republic,0,1,0%,1
Latvia,0,1,0%,1
Mexico,0,1,0%,1
Peru,0,1,0%,2
Qatar,0,1,0%,4
Japan,0,1,0%,5
Norway,0,1,0%,6
Sweden,0,1,0%,9
Morocco,0,1,0%,77
Bangladesh,0,1,0%,88