Top pages,Clicks,Impressions,CTR,Position
https://carouselforge.app/,57,120,47.5%,5.99
https://carouselforge.app/blog/post.html?slug=best-free-carousel-generators-2026,6,106,5.66%,5.85
https://carouselforge.app/instagram-carousel-maker.html,0,217,0%,6.94
https://carouselforge.app/about.html,0,40,0%,3.35
https://carouselforge.app/linkedin-carousel-generator.html,0,23,0%,23.04
https://carouselforge.app/contact,0,16,0%,2.88
https://carouselforge.app/disclaimer.html,0,12,0%,2.08
https://carouselforge.app/terms.html,0,11,0%,11.55
https://carouselforge.app/blog/post.html?slug=turn-blog-post-into-linkedin-carousel,0,10,0%,36.5
https://carouselforge.app/about,0,8,0%,2.25
https://carouselforge.app/blog/post.html?slug=how-to-create-linkedin-carousel-free-60-seconds,0,8,0%,33.88
https://carouselforge.app/contact.html,0,6,0%,1.83
https://carouselforge.app/#features,0,5,0%,1.8
https://carouselforge.app/#how-it-works,0,5,0%,1.8
https://carouselforge.app/blog/,0,5,0%,1.8
https://carouselforge.app/blog/post.html?slug=how-to-create-viral-linkedin-carousel,0,3,0%,42.33
https://carouselforge.app/privacy.html,0,2,0%,2.5